<?xml version ="1.0" encoding ="UTF-8"?>
<beans xmlns="http://www.springframework.org/schema/beans"
				xmlns:xsi ="http://www.w3.org/2001/XMLSchema-instance"
				xsi:schemaLocation ="http://www.springframework.org/schema/beans
				http://www.springframework.org/schema/beans/spring-beans-2.0.xsd">


<bean id ="dataSource" class ="org.springframework.jdbc.datasource.DriverManagerDataSource">
<property name ="driverClassName" value ="com.mysql.jdbc.Driver"/>
<property name ="url" value ="jdbc:mysql://localhost:3306/springjdbc"/>
<property name ="username" value ="root"/>
<property name ="password" value ="srinureddy"/>
</bean>

<bean id ="jdbcTemplate" class ="org.springframework.jdbc.core.JdbcTemplate">
<property name ="dataSource" ref ="dataSource"/>
</bean>





<bean id ="employeeDao" class ="EmployeeDaoImpl">
<property name ="jdbcTemplate" ref ="jdbcTemplate"/>
</bean>
</beans>